Gene stable ID,HGNC symbol
ENSG00000173976,RAX2
ENSG00000213020,ZNF611
ENSG00000083307,GRHL2
ENSG00000164048,ZNF589
ENSG00000184302,SIX6
ENSG00000152467,ZSCAN1
ENSG00000108001,EBF3
ENSG00000113580,NR3C1
ENSG00000149922,TBX6
ENSG00000080298,RFX3
ENSG00000176293,ZNF135
ENSG00000148400,NOTCH1
ENSG00000121413,ZSCAN18
ENSG00000127528,KLF2
ENSG00000189190,ZNF600
ENSG00000185650,ZFP36L1
ENSG00000135638,EMX1
ENSG00000069667,RORA
ENSG00000148737,TCF7L2
ENSG00000198538,ZNF28
ENSG00000204604,ZNF468
ENSG00000180257,ZNF816
ENSG00000172465,TCEAL1
ENSG00000102984,ZNF821
ENSG00000165066,NKX6-3
ENSG00000182986,ZNF320
ENSG00000137203,TFAP2A
ENSG00000157514,TSC22D3
ENSG00000144792,ZNF660
ENSG00000186448,ZNF197
ENSG00000169981,ZNF35
ENSG00000196345,ZKSCAN7
ENSG00000065029,ZNF76
ENSG00000112561,TFEB
ENSG00000221869,CEBPD
ENSG00000172818,OVOL1
ENSG00000122877,EGR2
ENSG00000073614,KDM5A
ENSG00000277015,SALL3
ENSG00000126778,SIX1
ENSG00000213928,IRF9
ENSG00000112246,SIM1
ENSG00000203883,SOX18
ENSG00000253293,HOXA10
ENSG00000078399,HOXA9
ENSG00000263001,GTF2I
ENSG00000100625,SIX4
ENSG00000115966,ATF2
ENSG00000180535,BHLHA15
ENSG00000263141,PAXBP1
ENSG00000171606,ZNF274
ENSG00000078403,MLLT10
ENSG00000277800,TBX22
ENSG00000144161,ZC3H8
ENSG00000063515,GSC2
ENSG00000276461,TCF20
ENSG00000181315,ZNF322
ENSG00000005073,HOXA11
ENSG00000153048,CARHSP1
ENSG00000171223,JUNB
ENSG00000131931,THAP1
ENSG00000112658,SRF
ENSG00000047634,SCML1
ENSG00000198081,ZBTB14
ENSG00000198945,L3MBTL3
ENSG00000005102,MEOX1
ENSG00000081059,TCF7
ENSG00000125347,IRF1
ENSG00000107164,FUBP3
ENSG00000106031,HOXA13
ENSG00000135374,ELF5
ENSG00000134954,ETS1
ENSG00000078699,CBFA2T2
ENSG00000112033,PPARD
ENSG00000162992,NEUROD1
ENSG00000187607,ZNF286A
ENSG00000134438,RAX
ENSG00000106038,EVX1
ENSG00000102974,CTCF
ENSG00000007545,CRAMP1
ENSG00000170122,FOXD4
ENSG00000016082,ISL1
ENSG00000198597,ZNF536
ENSG00000135373,EHF
ENSG00000167771,RCOR2
ENSG00000204304,PBX2
ENSG00000172216,CEBPB
ENSG00000100987,VSX1
ENSG00000152192,POU4F1
ENSG00000123095,BHLHE41
ENSG00000130711,PRDM12
ENSG00000214336,FOXI3
ENSG00000172888,ZNF621
ENSG00000121297,TSHZ3
ENSG00000171148,TADA3
ENSG00000103326,CAPN15
ENSG00000170608,FOXA3
ENSG00000153814,JAZF1
ENSG00000151702,FLI1
ENSG00000161277,THAP8
ENSG00000269067,ZNF728
ENSG00000102098,SCML2
ENSG00000198131,ZNF544
ENSG00000167034,NKX3-1
ENSG00000110395,CBL
ENSG00000163132,MSX1
ENSG00000070444,MNT
ENSG00000220201,ZGLP1
ENSG00000007866,TEAD3
ENSG00000115415,STAT1
ENSG00000248496,ZBED9
ENSG00000030419,IKZF2
ENSG00000129173,E2F8
ENSG00000148513,ANKRD30A
ENSG00000180053,NKX2-6
ENSG00000136931,NR5A1
ENSG00000108064,TFAM
ENSG00000105516,DBP
ENSG00000184486,POU3F2
ENSG00000205250,E2F4
ENSG00000126456,IRF3
ENSG00000123576,ESX1
ENSG00000186446,ZNF501
ENSG00000214513,NOTO
ENSG00000176182,MYPOP
ENSG00000204531,POU5F1
ENSG00000185947,ZNF267
ENSG00000189299,FOXR2
ENSG00000148200,NR6A1
ENSG00000186416,NKRF
ENSG00000261992,GATAD2B
ENSG00000250571,GLI4
ENSG00000179588,ZFPM1
ENSG00000101126,ADNP
ENSG00000174279,EVX2
ENSG00000128714,HOXD13
ENSG00000170178,HOXD12
ENSG00000136870,ZNF189
ENSG00000128710,HOXD10
ENSG00000128713,HOXD11
ENSG00000109787,KLF3
ENSG00000137310,TCF19
ENSG00000276561,IRF7
ENSG00000278062,ZNF251
ENSG00000167232,ZNF91
ENSG00000185960,SHOX
ENSG00000167491,GATAD2A
ENSG00000141905,NFIC
ENSG00000185730,ZNF696
ENSG00000182318,ZSCAN22
ENSG00000129534,MIS18BP1
ENSG00000204335,SP5
ENSG00000115816,CEBPZ
ENSG00000181418,DDN
ENSG00000167548,KMT2D
ENSG00000178919,FOXE1
ENSG00000173673,HES3
ENSG00000128645,HOXD1
ENSG00000175879,HOXD8
ENSG00000278500,
ENSG00000170166,HOXD4
ENSG00000128709,HOXD9
ENSG00000128652,HOXD3
ENSG00000122691,TWIST1
ENSG00000187325,TAF9B
ENSG00000124827,GCM2
ENSG00000136451,VEZF1
ENSG00000087510,TFAP2C
ENSG00000223687,ZNF311
ENSG00000100146,SOX10
ENSG00000102349,KLF8
ENSG00000127081,ZNF484
ENSG00000124613,ZNF391
ENSG00000115738,ID2
ENSG00000100084,HIRA
ENSG00000105497,ZNF175
ENSG00000107485,GATA3
ENSG00000137265,IRF4
ENSG00000168468,ATF6B
ENSG00000146618,FERD3L
ENSG00000183733,FIGLA
ENSG00000196172,ZNF681
ENSG00000164458,TBXT
ENSG00000213676,ATF6B
ENSG00000101216,GMEB2
ENSG00000107807,TLX1
ENSG00000154655,L3MBTL4
ENSG00000169016,E2F6
ENSG00000153560,UBP1
ENSG00000125968,ID1
ENSG00000225987,PBX2
ENSG00000120738,EGR1
ENSG00000115750,TAF1B
ENSG00000183742,MACC1
ENSG00000116035,VAX2
ENSG00000091010,POU4F3
ENSG00000134595,SOX3
ENSG00000170802,FOXN2
ENSG00000138136,LBX1
ENSG00000157613,CREB3L1
ENSG00000079102,RUNX1T1
ENSG00000177508,IRX3
ENSG00000230336,POU5F1
ENSG00000213967,ZNF726
ENSG00000184939,ZFP90
ENSG00000196275,GTF2IRD2
ENSG00000134317,GRHL1
ENSG00000108924,HLF
ENSG00000185002,RFX6
ENSG00000166478,ZNF143
ENSG00000105261,OVOL3
ENSG00000149480,MTA2
ENSG00000213096,ZNF254
ENSG00000039600,SOX30
ENSG00000170162,VGLL2
ENSG00000111206,FOXM1
ENSG00000144355,DLX1
ENSG00000166197,NOLC1
ENSG00000059728,MXD1
ENSG00000197008,ZNF138
ENSG00000197279,ZNF165
ENSG00000172059,KLF11
ENSG00000164749,HNF4G
ENSG00000185507,IRF7
ENSG00000115844,DLX2
ENSG00000141579,ZNF750
ENSG00000091656,ZFHX4
ENSG00000198816,ZNF358
ENSG00000173545,ZNF622
ENSG00000178951,ZBTB7A
ENSG00000122728,TAF1L
ENSG00000169627,BOLA2B
ENSG00000105717,PBX4
ENSG00000132950,ZMYM5
ENSG00000146592,CREB5
ENSG00000152217,SETBP1
ENSG00000176842,IRX5
ENSG00000151322,NPAS3
ENSG00000139687,RB1
ENSG00000107175,CREB3
ENSG00000148704,VAX1
ENSG00000169946,ZFPM2
ENSG00000100644,HIF1A
ENSG00000101412,E2F1
ENSG00000232005,PBX2
ENSG00000198039,ZNF273
ENSG00000196812,ZSCAN16
ENSG00000069812,HES2
ENSG00000124496,TRERF1
ENSG00000159387,IRX6
ENSG00000105856,HBP1
ENSG00000196132,MYT1
ENSG00000198315,ZKSCAN8
ENSG00000043039,BARX2
ENSG00000112182,BACH2
ENSG00000119919,NKX2-3
ENSG00000175395,ZNF25
ENSG00000096717,SIRT1
ENSG00000185669,SNAI3
ENSG00000149054,ZNF215
ENSG00000167157,PRRX2
ENSG00000112983,BRD8
ENSG00000131061,ZNF341
ENSG00000189180,ZNF33A
ENSG00000148826,NKX6-2
ENSG00000147117,ZNF157
ENSG00000101096,NFATC2
ENSG00000010244,ZNF207
ENSG00000185022,MAFF
ENSG00000060566,CREB3L3
ENSG00000169083,AR
ENSG00000230797,YY2
ENSG00000107859,PITX3
ENSG00000135625,EGR4
ENSG00000152926,ZNF117
ENSG00000121741,ZMYM2
ENSG00000170949,ZNF160
ENSG00000115548,KDM3A
ENSG00000170954,ZNF415
ENSG00000147124,ZNF41
ENSG00000205899,BHLHA9
ENSG00000105610,KLF1
ENSG00000196843,ARID5A
ENSG00000102870,ZNF629
ENSG00000025434,NR1H3
ENSG00000213246,SUPT4H1
ENSG00000137185,ZSCAN9
ENSG00000161551,ZNF577
ENSG00000163792,TCF23
ENSG00000187626,ZKSCAN4
ENSG00000204612,FOXB2
ENSG00000164379,FOXQ1
ENSG00000198093,ZNF649
ENSG00000100219,XBP1
ENSG00000122145,TBX22
ENSG00000251493,FOXD1
ENSG00000137273,FOXF2
ENSG00000115661,STK16
ENSG00000137338,PGBD1
ENSG00000054598,FOXC1
ENSG00000130700,GATA5
ENSG00000115507,OTX1
ENSG00000197062,ZSCAN26
ENSG00000106829,TLE4
ENSG00000078900,TP73
ENSG00000164330,EBF1
ENSG00000179772,FOXS1
ENSG00000125482,TTF1
ENSG00000175592,FOSL1
ENSG00000075407,ZNF37A
ENSG00000170370,EMX2
ENSG00000174428,GTF2IRD2B
ENSG00000169564,PCBP1
ENSG00000131759,RARA
ENSG00000273514,FOXD4L6
ENSG00000116044,NFE2L2
ENSG00000164651,SP8
ENSG00000213921,LEUTX
ENSG00000160113,NR2F6
ENSG00000273154,
ENSG00000125492,BARHL1
ENSG00000173039,RELA
ENSG00000197114,ZGPAT
ENSG00000138378,STAT4
ENSG00000175550,DRAP1
ENSG00000001167,NFYA
ENSG00000173153,ESRRA
ENSG00000009709,PAX7
ENSG00000235109,ZSCAN31
ENSG00000278091,ZNF85
ENSG00000125520,SLC2A4RG
ENSG00000189298,ZKSCAN3
ENSG00000176024,ZNF613
ENSG00000256683,ZNF350
ENSG00000113387,SUB1
ENSG00000262024,TCF20
ENSG00000029153,ARNTL2
ENSG00000121068,TBX2
ENSG00000245848,CEBPA
ENSG00000005513,SOX8
ENSG00000196357,ZNF565
ENSG00000167635,ZNF146
ENSG00000105672,ETV2
ENSG00000109101,FOXN1
ENSG00000057657,PRDM1
ENSG00000176160,HSF5
ENSG00000155090,KLF10
ENSG00000214717,ZBED1
ENSG00000198205,ZXDA
ENSG00000105866,SP4
ENSG00000124782,RREB1
ENSG00000153879,CEBPG
ENSG00000043355,ZIC2
ENSG00000121060,TRIM25
ENSG00000106245,BUD31
ENSG00000168214,RBPJ
ENSG00000148516,ZEB1
ENSG00000130522,JUND
ENSG00000109851,DBX1
ENSG00000157554,ERG
ENSG00000165119,HNRNPK
ENSG00000146757,ZNF92
ENSG00000126767,ELK1
ENSG00000063587,ZNF275
ENSG00000184058,TBX1
ENSG00000177030,DEAF1
ENSG00000137090,DMRT1
ENSG00000082641,NFE2L1
ENSG00000106852,LHX6
ENSG00000077150,NFKB2
ENSG00000064218,DMRT3
ENSG00000197928,ZNF677
ENSG00000142065,ZFP14
ENSG00000273706,LHX1
ENSG00000008441,NFIX
ENSG00000102901,CENPT
ENSG00000160199,PKNOX1
ENSG00000272333,KMT2B
ENSG00000158691,ZSCAN12
ENSG00000173253,DMRT2
ENSG00000118495,PLAGL1
ENSG00000108312,UBTF
ENSG00000106624,AEBP1
ENSG00000275700,AATF
ENSG00000164736,SOX17
ENSG00000157557,ETS2
ENSG00000183072,NKX2-5
ENSG00000197619,ZNF615
ENSG00000187987,ZSCAN23
ENSG00000126746,ZNF384
ENSG00000181007,ZFP82
ENSG00000186051,TAL2
ENSG00000204231,RXRB
ENSG00000168286,THAP11
ENSG00000124092,CTCFL
ENSG00000124766,SOX4
ENSG00000189067,LITAF
ENSG00000151650,VENTX
ENSG00000124920,MYRF
ENSG00000131849,ZNF132
ENSG00000124440,HIF3A
ENSG00000064313,TAF2
ENSG00000132846,ZBED3
ENSG00000101115,SALL4
ENSG00000032219,ARID4A
ENSG00000132604,TERF2
ENSG00000173258,ZNF483
ENSG00000142025,DMRTC2
ENSG00000112365,ZBTB24
ENSG00000131408,NR1H2
ENSG00000161298,ZNF382
ENSG00000254004,ZNF260
ENSG00000182759,MAFA
ENSG00000129535,NRL
ENSG00000087903,RFX2
ENSG00000235589,ZNF311
ENSG00000125618,PAX8
ENSG00000014164,ZC3H3
ENSG00000134532,SOX5
ENSG00000232040,ZBED9
ENSG00000125285,SOX21
ENSG00000154957,ZNF18
ENSG00000256087,ZNF432
ENSG00000197608,ZNF841
ENSG00000274636,GLIS2
ENSG00000148300,REXO4
ENSG00000112200,ZNF451
ENSG00000179774,ATOH7
ENSG00000164438,TLX3
ENSG00000221994,ZNF630
ENSG00000095951,HIVEP1
ENSG00000147118,ZNF182
ENSG00000221818,EBF2
ENSG00000197779,ZNF81
ENSG00000107779,BMPR1A
ENSG00000084676,NCOA1
ENSG00000074219,TEAD2
ENSG00000171843,MLLT3
ENSG00000060138,YBX3
ENSG00000196417,ZNF765
ENSG00000174282,ZBTB4
ENSG00000204611,ZNF616
ENSG00000196267,ZNF836
ENSG00000155592,ZKSCAN2
ENSG00000105722,ERF
ENSG00000108788,MLX
ENSG00000184481,FOXO4
ENSG00000196793,ZNF239
ENSG00000183309,ZNF623
ENSG00000083838,ZNF446
ENSG00000125398,SOX9
ENSG00000172201,ID4
ENSG00000164532,TBX20
ENSG00000019549,SNAI2
ENSG00000109705,NKX3-2
ENSG00000101190,TCFL5
ENSG00000198346,ZNF813
ENSG00000169740,ZNF32
ENSG00000099949,LZTR1
ENSG00000164683,HEY1
ENSG00000198554,WDHD1
ENSG00000131721,RHOXF2
ENSG00000101883,RHOXF1
ENSG00000177853,ZNF518A
ENSG00000177485,ZBTB33
ENSG00000159200,RCAN1
ENSG00000197808,ZNF461
ENSG00000137270,GCM1
ENSG00000187187,ZNF546
ENSG00000182463,TSHZ2
ENSG00000268041,
ENSG00000136826,KLF4
ENSG00000186487,MYT1L
ENSG00000072736,NFATC3
ENSG00000130511,SSBP4
ENSG00000171940,ZNF217
ENSG00000109685,NSD2
ENSG00000204859,ZBTB48
ENSG00000066336,SPI1
ENSG00000165462,PHOX2A
ENSG00000273529,HES5
ENSG00000213347,MXD3
ENSG00000125878,TCF15
ENSG00000179528,LBX2
ENSG00000215397,SCRT2
ENSG00000168661,ZNF30
ENSG00000086102,NFX1
ENSG00000120094,HOXB1
ENSG00000165702,GFI1B
ENSG00000173011,TADA2B
ENSG00000204103,MAFB
ENSG00000102243,VGLL1
ENSG00000141384,TAF4B
ENSG00000111704,NANOG
ENSG00000010539,ZNF200
ENSG00000121075,TBX4
ENSG00000118263,KLF7
ENSG00000112242,E2F3
ENSG00000147862,NFIB
ENSG00000170485,NPAS2
ENSG00000189042,ZNF567
ENSG00000174576,NPAS4
ENSG00000077092,RARB
ENSG00000186918,ZNF395
ENSG00000079432,CIC
ENSG00000100811,YY1
ENSG00000162924,REL
ENSG00000104177,MYEF2
ENSG00000174306,ZHX3
ENSG00000213999,MEF2B
ENSG00000135164,DMTF1
ENSG00000184911,DMRTC1B
ENSG00000064490,RFXANK
ENSG00000005889,ZFX
ENSG00000130726,TRIM28
ENSG00000130382,MLLT1
ENSG00000168036,CTNNB1
ENSG00000184659,FOXD4L4
ENSG00000141646,SMAD4
ENSG00000154227,CERS3
ENSG00000141002,TCF25
ENSG00000068323,TFE3
ENSG00000118260,CREB1
ENSG00000269502,DMRTC1
ENSG00000141510,TP53
ENSG00000108511,HOXB6
ENSG00000120075,HOXB5
ENSG00000169057,MECP2
ENSG00000120093,HOXB3
ENSG00000178177,LCORL
ENSG00000182742,HOXB4
ENSG00000150907,FOXO1
ENSG00000173917,HOXB2
ENSG00000167081,PBX3
ENSG00000165495,PKNOX2
ENSG00000106462,EZH2
ENSG00000131668,BARX1
ENSG00000157933,SKI
ENSG00000142539,
ENSG00000120149,MSX2
ENSG00000174197,MGA
ENSG00000144655,CSRNP1
ENSG00000145908,ZNF300
ENSG00000160908,ZNF394
ENSG00000146676,PURB
ENSG00000198556,ZNF789
ENSG00000221923,ZNF880
ENSG00000059145,UNKL
ENSG00000156374,PCGF6
ENSG00000237344,PBX2
ENSG00000167555,ZNF528
ENSG00000204595,DPRX
ENSG00000124203,ZNF831
ENSG00000269404,SPIB
ENSG00000148835,TAF5
ENSG00000178567,EPM2AIP1
ENSG00000196263,ZNF471
ENSG00000101544,ADNP2
ENSG00000076770,MBNL3
ENSG00000165259,HDX
ENSG00000156273,BACH1
ENSG00000129654,FOXJ1
ENSG00000072364,AFF4
ENSG00000124201,ZNFX1
ENSG00000198807,PAX9
ENSG00000041988,THAP3
ENSG00000166888,STAT6
ENSG00000150347,ARID5B
ENSG00000136352,NKX2-1
ENSG00000167637,ZNF283
ENSG00000136327,NKX2-8
ENSG00000196867,ZFP28
ENSG00000196652,ZKSCAN5
ENSG00000147488,ST18
ENSG00000160888,IER2
ENSG00000197343,ZNF655
ENSG00000129194,SOX15
ENSG00000181690,PLAG1
ENSG00000126856,PRDM7
ENSG00000124459,ZNF45
ENSG00000181827,RFX7
ENSG00000221909,FAM200A
ENSG00000178764,ZHX2
ENSG00000178860,MSC
ENSG00000248767,
ENSG00000166925,TSC22D4
ENSG00000184436,THAP7
ENSG00000204920,ZNF155
ENSG00000095574,IKZF5
ENSG00000141052,MYOCD
ENSG00000120068,HOXB8
ENSG00000170689,HOXB9
ENSG00000099326,MZF1
ENSG00000260027,HOXB7
ENSG00000136944,LMX1B
ENSG00000198633,ZNF534
ENSG00000147180,ZNF711
ENSG00000258405,ZNF578
ENSG00000156925,ZIC3
ENSG00000104064,GABPB1
ENSG00000061337,LZTS1
ENSG00000146463,ZMYM4
ENSG00000004848,ARX
ENSG00000159882,ZNF230
ENSG00000185513,L3MBTL1
ENSG00000197016,ZNF470
ENSG00000163170,BOLA3
ENSG00000120690,ELF1
ENSG00000102804,TSC22D1
ENSG00000118513,MYB
ENSG00000071564,TCF3
ENSG00000131264,CDX4
ENSG00000174738,NR1D2
ENSG00000111424,VDR
ENSG00000105708,ZNF14
ENSG00000152266,PTH
ENSG00000137309,HMGA1
ENSG00000120948,TARDBP
ENSG00000167562,ZNF701
ENSG00000141448,GATA6
ENSG00000108557,RAI1
ENSG00000198482,ZNF808
ENSG00000197951,ZNF71
ENSG00000115297,TLX2
ENSG00000072310,SREBF1
ENSG00000165512,ZNF22
ENSG00000168269,FOXI1
ENSG00000177732,SOX12
ENSG00000007372,PAX6
ENSG00000197024,ZNF398
ENSG00000170265,ZNF282
ENSG00000168453,HR
ENSG00000139154,AEBP2
ENSG00000197857,ZNF44
ENSG00000069011,PITX1
ENSG00000229094,POU5F1
ENSG00000119042,SATB2
ENSG00000274349,ZNF658
ENSG00000133740,E2F5
ENSG00000134323,MYCN
ENSG00000141568,FOXK2
ENSG00000183434,TFDP3
ENSG00000168874,ATOH8
ENSG00000135903,PAX3
ENSG00000162086,ZNF75A
ENSG00000006194,ZNF263
ENSG00000140009,ESR2
ENSG00000010030,ETV7
ENSG00000236287,ZBED5
ENSG00000182568,SATB1
ENSG00000127903,ZNF835
ENSG00000079263,SP140
ENSG00000139083,ETV6
ENSG00000124831,LRRFIP1
ENSG00000198300,PEG3
ENSG00000144026,ZNF514
ENSG00000147601,TERF1
ENSG00000269699,ZIM2
ENSG00000118058,KMT2A
ENSG00000006377,DLX6
ENSG00000135899,SP110
ENSG00000196693,ZNF33B
ENSG00000188909,BSX
ENSG00000198185,ZNF334
ENSG00000184635,ZNF93
ENSG00000056586,RC3H2
ENSG00000171735,CAMTA1
ENSG00000169554,ZEB2
ENSG00000137699,TRIM29
ENSG00000125846,ZNF133
ENSG00000169297,NR0B1
ENSG00000197037,ZSCAN25
ENSG00000170345,FOS
ENSG00000140044,JDP2
ENSG00000176399,DMRTA1
ENSG00000164631,ZNF12
ENSG00000105880,DLX5
ENSG00000120669,SOHLH2
ENSG00000109132,PHOX2B
ENSG00000126733,DACH2
ENSG00000156127,BATF
ENSG00000176542,USF3
ENSG00000137504,CREBZF
ENSG00000269693,
ENSG00000182521,TBPL2
ENSG00000188033,ZNF490
ENSG00000181220,ZNF746
ENSG00000198715,GLMP
ENSG00000249709,ZNF564
ENSG00000104903,LYL1
ENSG00000129514,FOXA1
ENSG00000147130,ZMYM3
ENSG00000081189,MEF2C
ENSG00000106536,POU6F2
ENSG00000205922,ONECUT3
ENSG00000118526,TCF21
ENSG00000198218,QRICH1
ENSG00000164850,GPER1
ENSG00000067082,KLF6
ENSG00000156531,PHF6
ENSG00000069399,BCL3
ENSG00000116604,MEF2D
ENSG00000174446,SNAPC5
ENSG00000065548,ZC3H15
ENSG00000165030,NFIL3
ENSG00000124664,SPDEF
ENSG00000167766,ZNF83
ENSG00000116819,TFAP2E
ENSG00000140987,ZSCAN32
ENSG00000165185,KIAA1958
ENSG00000158055,GRHL3
ENSG00000156030,ELMSAN1
ENSG00000123933,MXD4
ENSG00000140262,TCF12
ENSG00000179981,TSHZ1
ENSG00000014824,SLC30A9
ENSG00000125533,BHLHE23
ENSG00000275410,HNF1B
ENSG00000283697,HSFX3
ENSG00000109111,SUPT6H
ENSG00000125850,OVOL2
ENSG00000275111,ZNF2
ENSG00000196233,LCOR
ENSG00000096401,CDC5L
ENSG00000057935,MTA3
ENSG00000227322,RXRB
ENSG00000185404,SP140L
ENSG00000103343,ZNF174
ENSG00000285329,
ENSG00000234539,ATF6B
ENSG00000141946,ZIM3
ENSG00000147421,HMBOX1
ENSG00000213988,ZNF90
ENSG00000185129,PURA
ENSG00000233757,
ENSG00000074047,GLI2
ENSG00000151090,THRB
ENSG00000130182,ZSCAN10
ENSG00000160007,ARHGAP35
ENSG00000113068,PFDN1
ENSG00000124813,RUNX2
ENSG00000171540,OTP
ENSG00000092067,CEBPE
ENSG00000101493,ZNF516
ENSG00000197483,ZNF628
ENSG00000137709,POU2F3
ENSG00000253831,ETV3L
ENSG00000117036,ETV3
ENSG00000178662,CSRNP3
ENSG00000008083,JARID2
ENSG00000106948,AKNA
ENSG00000006704,GTF2IRD1
ENSG00000140836,ZFHX3
ENSG00000130751,NPAS1
ENSG00000180828,BHLHE22
ENSG00000085644,ZNF213
ENSG00000276910,GTF2H2
ENSG00000135100,HNF1A
ENSG00000164853,UNCX
ENSG00000148450,MSRB2
ENSG00000122386,ZNF205
ENSG00000184895,SRY
ENSG00000104976,SNAPC2
ENSG00000136866,ZFP37
ENSG00000129911,KLF16
ENSG00000063978,RNF4
ENSG00000005339,CREBBP
ENSG00000111269,CREBL2
ENSG00000197921,HES5
ENSG00000197782,ZNF780A
ENSG00000108799,EZH1
ENSG00000169635,HIC2
ENSG00000128000,ZNF780B
ENSG00000280529,TAF4
ENSG00000119725,ZNF410
ENSG00000113430,IRX4
ENSG00000170581,STAT2
ENSG00000177463,NR2C2
ENSG00000168267,PTF1A
ENSG00000049768,FOXP3
ENSG00000167394,ZNF668
ENSG00000135363,LMO2
ENSG00000067646,ZFY
ENSG00000197935,ZNF311
ENSG00000176679,TGIF2LY
ENSG00000163565,IFI16
ENSG00000101057,MYBL2
ENSG00000171443,ZNF524
ENSG00000276876,MYT1
ENSG00000275018,
ENSG00000181965,NEUROG1
ENSG00000115112,TFCP2L1
ENSG00000164463,CREBRF
ENSG00000188620,HMX3
ENSG00000274577,LHX1
ENSG00000188816,HMX2
ENSG00000231321,RXRB
ENSG00000028277,POU2F2
ENSG00000167085,PHB
ENSG00000177426,TGIF1
ENSG00000204779,FOXD4L5
ENSG00000115041,KCNIP3
ENSG00000172466,ZNF24
ENSG00000124191,TOX2
ENSG00000170561,IRX2
ENSG00000268738,HSFX2
ENSG00000196460,RFX8
ENSG00000188290,HES4
ENSG00000124216,SNAI1
ENSG00000145687,SSBP2
ENSG00000196268,ZNF493
ENSG00000181722,ZBTB20
ENSG00000206289,RXRB
ENSG00000182141,ZNF708
ENSG00000121454,LHX4
ENSG00000105750,ZNF85
ENSG00000215271,HOMEZ
ENSG00000197013,ZNF429
ENSG00000198146,ZNF770
ENSG00000028839,TBPL1
ENSG00000025293,PHF20
ENSG00000151379,MSGN1
ENSG00000237765,FAM200B
ENSG00000159216,RUNX1
ENSG00000198517,MAFK
ENSG00000171116,HSFX1
ENSG00000119508,NR4A3
ENSG00000137492,THAP12
ENSG00000221886,ZBED8
ENSG00000171222,SCAND1
ENSG00000187079,TEAD1
ENSG00000186496,ZNF396
ENSG00000197063,MAFG
ENSG00000172468,HSFY1
ENSG00000088881,EBF4
ENSG00000117625,RCOR3
ENSG00000160224,AIRE
ENSG00000228628,ATF6B
ENSG00000170549,IRX1
ENSG00000112592,TBP
ENSG00000105821,DNAJC2
ENSG00000182968,SOX1
ENSG00000171786,NHLH1
ENSG00000126003,PLAGL2
ENSG00000130856,ZNF236
ENSG00000177494,ZBED2
ENSG00000073861,TBX21
ENSG00000168062,BATF2
ENSG00000133111,RFXAP
ENSG00000120693,SMAD9
ENSG00000283463,HSFX4
ENSG00000137166,FOXP4
ENSG00000112837,TBX18
ENSG00000130699,TAF4
ENSG00000186350,RXRA
ENSG00000169953,HSFY2
ENSG00000180613,GSX2
ENSG00000164611,PTTG1
ENSG00000152518,ZFP36L2
ENSG00000162772,ATF3
ENSG00000196767,POU3F4
ENSG00000112511,PHF1
ENSG00000089775,ZBTB25
ENSG00000165156,ZHX1
ENSG00000123685,BATF3
ENSG00000125686,MED1
ENSG00000185219,ZNF445
ENSG00000158773,USF1
ENSG00000178229,ZNF543
ENSG00000198914,POU3F3
ENSG00000161940,BCL6B
ENSG00000020633,RUNX3
ENSG00000053254,FOXN3
ENSG00000176887,SOX11
ENSG00000177374,HIC1
ENSG00000172379,ARNT2
ENSG00000183734,ASCL2
ENSG00000198026,ZNF335
ENSG00000116017,ARID3A
ENSG00000172262,ZNF131
ENSG00000185551,NR2F2
ENSG00000188994,ZNF292
ENSG00000117707,PROX1
ENSG00000122859,NEUROG3
ENSG00000185869,ZNF829
ENSG00000251247,ZNF345
ENSG00000197863,ZNF790
ENSG00000276043,UHRF1
ENSG00000184517,ZFP1
ENSG00000091138,SLC26A3
ENSG00000082175,PGR
ENSG00000205143,ARID3C
ENSG00000171956,FOXB1
ENSG00000165244,ZNF367
ENSG00000236353,PBX2
ENSG00000153779,TGIF2LX
ENSG00000143257,NR1I3
ENSG00000196628,TCF4
ENSG00000025156,HSF2
ENSG00000103449,SALL1
ENSG00000095564,BTAF1
ENSG00000196482,ESRRG
ENSG00000105419,MEIS3
ENSG00000175197,DDIT3
ENSG00000175745,NR2F1
ENSG00000121903,ZSCAN20
ENSG00000109320,NFKB1
ENSG00000225553,PHF1
ENSG00000244405,ETV5
ENSG00000141040,ZNF287
ENSG00000153234,NR4A2
ENSG00000186376,ZNF75D
ENSG00000008197,TFAP2D
ENSG00000173275,ZNF449
ENSG00000008196,TFAP2B
ENSG00000189403,HMGB1
ENSG00000182636,NDN
ENSG00000197566,ZNF624
ENSG00000132274,TRIM22
ENSG00000111087,GLI1
ENSG00000249459,ZNF286B
ENSG00000119138,KLF9
ENSG00000106571,GLI3
ENSG00000106689,LHX2
ENSG00000089335,ZNF302
ENSG00000108509,CAMTA2
ENSG00000248483,POU5F2
ENSG00000163497,FEV
ENSG00000116809,ZBTB17
ENSG00000198453,ZNF568
ENSG00000197961,ZNF121
ENSG00000276644,DACH1
ENSG00000277258,PCGF2
ENSG00000184492,FOXD4L1
ENSG00000118217,ATF6
ENSG00000136630,HLX
ENSG00000196967,ZNF585A
ENSG00000188283,ZNF383
ENSG00000245680,ZNF585B
ENSG00000197841,ZNF181
ENSG00000128272,ATF4
ENSG00000197050,ZNF420
ENSG00000196597,ZNF782
ENSG00000172534,HCFC1
ENSG00000143995,MEIS1
ENSG00000109906,ZBTB16
ENSG00000104856,RELB
ENSG00000115956,PLEK
ENSG00000101076,HNF4A
ENSG00000185630,PBX1
ENSG00000162761,LMX1A
ENSG00000189120,SP6
ENSG00000276463,TAF9
ENSG00000152284,TCF7L1
ENSG00000110851,PRDM4
ENSG00000143171,RXRG
ENSG00000187855,ASCL4
ENSG00000175325,PROP1
ENSG00000171056,SOX7
ENSG00000151014,NOCT
ENSG00000129993,CBFA2T3
ENSG00000109381,ELF2
ENSG00000168152,THAP9
ENSG00000172292,CERS6
ENSG00000133794,ARNTL
ENSG00000143194,MAEL
ENSG00000103460,TOX3
ENSG00000075891,PAX2
ENSG00000152804,HHEX
ENSG00000183336,BOLA2
ENSG00000134138,MEIS2
ENSG00000143355,LHX9
ENSG00000161405,IKZF3
ENSG00000185811,IKZF1
ENSG00000143190,POU2F1
ENSG00000113658,SMAD5
ENSG00000226384,GTF2H4
ENSG00000173451,THAP2
ENSG00000175727,MLXIP
ENSG00000160973,FOXH1
ENSG00000052850,ALX4
ENSG00000179456,ZBTB18
ENSG00000119547,ONECUT2
ENSG00000172845,SP3
ENSG00000106410,NOBOX
ENSG00000116833,NR5A2
ENSG00000163867,ZMYM6
ENSG00000162702,ZNF281
ENSG00000198791,CNOT7
ENSG00000113916,BCL6
ENSG00000166261,ZNF202
ENSG00000169375,SIN3A
ENSG00000198521,ZNF43
ENSG00000198160,MIER1
ENSG00000185155,MIXL1
ENSG00000233831,ZNF311
ENSG00000171532,NEUROD2
ENSG00000143178,TBX19
ENSG00000138083,SIX3
ENSG00000167528,ZNF641
ENSG00000117475,BLZF1
ENSG00000197056,ZMYM1
ENSG00000236895,GTF2H4
ENSG00000118707,TGIF2
ENSG00000143799,PARP1
ENSG00000173404,INSM1
ENSG00000237582,POU5F1
ENSG00000138380,CARF
ENSG00000119715,ESRRB
ENSG00000232237,ASCL5
ENSG00000132024,CC2D1A
ENSG00000235068,POU5F1
ENSG00000119950,MXI1
ENSG00000187559,FOXD4L3
ENSG00000172819,RARG
ENSG00000136367,ZFHX2
ENSG00000178338,ZNF354B
ENSG00000198939,ZFP2
ENSG00000106331,PAX4
ENSG00000068305,MEF2A
ENSG00000147133,TAF1
ENSG00000125740,FOSB
ENSG00000136504,KAT7
ENSG00000090447,TFAP4
ENSG00000153207,AHCTF1
ENSG00000118156,ZNF541
ENSG00000178913,TAF7
ENSG00000005436,GCFC2
ENSG00000180787,ZFP3
ENSG00000172493,AFF1
ENSG00000105698,USF2
ENSG00000116132,PRRX1
ENSG00000144852,NR1I2
ENSG00000073282,TP63
ENSG00000188786,MTF1
ENSG00000144485,HES6
ENSG00000162714,ZNF496
ENSG00000167685,ZNF444
ENSG00000167840,ZNF232
ENSG00000170577,SIX2
ENSG00000206315,PBX2
ENSG00000198169,ZNF251
ENSG00000169136,ATF5
ENSG00000006468,ETV1
ENSG00000102554,KLF5
ENSG00000178187,ZNF454
ENSG00000153266,FEZF2
ENSG00000159263,SIM2
ENSG00000133884,DPF2
ENSG00000118922,KLF12
ENSG00000150051,MKX
ENSG00000181450,ZNF678
ENSG00000066827,ZFAT
ENSG00000171161,ZNF672
ENSG00000126603,GLIS2
ENSG00000171163,ZNF692
ENSG00000163435,ELF3
ENSG00000197451,HNRNPAB
ENSG00000197213,ZSCAN5B
ENSG00000174796,THAP6
ENSG00000234284,ZNF879
ENSG00000139445,FOXN4
ENSG00000204532,ZSCAN5C
ENSG00000085276,MECOM
ENSG00000129028,THAP10
ENSG00000177932,ZNF354C
ENSG00000197780,TAF13
ENSG00000131848,ZSCAN5A
ENSG00000164900,GBX1
ENSG00000104447,TRPS1
ENSG00000138795,LEF1
ENSG00000165643,SOHLH1
ENSG00000256463,SALL3
ENSG00000186103,ARGFX
ENSG00000185610,DBX2
ENSG00000117139,KDM5B
ENSG00000217236,SP9
ENSG00000116478,HDAC1
ENSG00000138433,CIR1
ENSG00000161914,ZNF653
ENSG00000114439,BBX
ENSG00000112333,NR2E1
ENSG00000124232,RBPJL
ENSG00000009950,MLXIPL
ENSG00000215474,SKOR2
ENSG00000067066,SP100
ENSG00000102145,GATA1
ENSG00000164754,RAD21
ENSG00000171872,KLF17
ENSG00000067955,CBFB
ENSG00000204519,ZNF551
ENSG00000179909,ZNF154
ENSG00000134852,CLOCK
ENSG00000213762,ZNF134
ENSG00000180532,ZSCAN4
ENSG00000177683,THAP5
ENSG00000275045,GTF2H2
ENSG00000085274,MYNN
ENSG00000122180,MYOG
ENSG00000142599,RERE
ENSG00000234370,GTF2H4
ENSG00000132005,RFX1
ENSG00000179361,ARID3B
ENSG00000185668,POU3F1
ENSG00000116016,EPAS1
ENSG00000159388,BTG2
ENSG00000196092,PAX5
ENSG00000154727,GABPA
ENSG00000176946,THAP4
ENSG00000173230,GOLGB1
ENSG00000178928,TPRX1
ENSG00000105392,CRX
ENSG00000140382,HMG20A
ENSG00000257315,ZBED6
ENSG00000142684,ZNF593
ENSG00000058673,ZC3H11A
ENSG00000125952,MAX
ENSG00000132485,ZRANB2
ENSG00000169840,GSX1
ENSG00000123364,HOXC13
ENSG00000106261,ZKSCAN1
ENSG00000135801,TAF5L
ENSG00000114861,FOXP1
ENSG00000143842,SOX13
ENSG00000139515,PDX1
ENSG00000165556,CDX2
ENSG00000145736,GTF2H2
ENSG00000149948,HMGA2
ENSG00000182158,CREB3L2
ENSG00000123407,HOXC12
ENSG00000118689,FOXO3
ENSG00000157259,GATAD1
ENSG00000173757,STAT5B
ENSG00000166529,ZSCAN21
ENSG00000166526,ZNF3
ENSG00000196588,MKL1
ENSG00000134107,BHLHE40
ENSG00000110693,SOX6
ENSG00000123388,HOXC11
ENSG00000145088,EAF2
ENSG00000175329,ISX
ENSG00000108813,DLX4
ENSG00000233149,GTF2H4
ENSG00000177468,OLIG3
ENSG00000136603,SKIL
ENSG00000102878,HSF4
ENSG00000235178,ZNF311
ENSG00000197757,HOXC6
ENSG00000198353,HOXC4
ENSG00000172789,HOXC5
ENSG00000037965,HOXC8
ENSG00000180806,HOXC9
ENSG00000065970,FOXJ2
ENSG00000180818,HOXC10
ENSG00000180479,ZNF571
ENSG00000106511,MEOX2
ENSG00000120784,ZFP30
ENSG00000100968,NFATC4
ENSG00000171817,ZNF540
ENSG00000167182,SP2
ENSG00000163623,NKX6-1
ENSG00000074800,ENO1
ENSG00000196381,ZNF781
ENSG00000198182,ZNF607
ENSG00000126561,STAT5A
ENSG00000102034,ELF4
ENSG00000187801,ZFP69B
ENSG00000273841,TAF9
ENSG00000221974,GTF2H4
ENSG00000137834,SMAD6
ENSG00000169131,ZNF354A
ENSG00000064195,DLX3
ENSG00000186026,ZNF284
ENSG00000110925,CSRNP2
ENSG00000166949,SMAD3
ENSG00000092203,TOX4
ENSG00000135457,TFCP2
ENSG00000175387,SMAD2
ENSG00000124151,NCOA3
ENSG00000136574,GATA4
ENSG00000169260,ZNF311
ENSG00000158711,ELK4
ENSG00000069275,NUCKS1
ENSG00000119866,BCL11A
ENSG00000184271,POU6F1
ENSG00000118007,STAG1
ENSG00000135547,HEY2
ENSG00000162624,LHX8
ENSG00000125816,NKX2-4
ENSG00000125820,NKX2-2
ENSG00000278570,NR2E3
ENSG00000131196,NFATC1
ENSG00000159184,HOXB13
ENSG00000256294,ZNF225
ENSG00000267680,ZNF224
ENSG00000179111,HES7
ENSG00000012504,NR1H4
ENSG00000123405,NFE2
ENSG00000103495,MAZ
ENSG00000185697,MYBL1
ENSG00000164916,FOXK1
ENSG00000155545,MIER3
ENSG00000106290,TAF6
ENSG00000125813,PAX1
ENSG00000159692,CTBP1
ENSG00000128604,IRF5
ENSG00000164093,PITX2
ENSG00000066136,NFYC
ENSG00000165606,DRGX
ENSG00000130803,ZNF317
ENSG00000106554,CHCHD3
ENSG00000125931,CITED1
ENSG00000168610,STAT3
ENSG00000263002,ZNF234
ENSG00000102908,NFAT5
ENSG00000152454,ZNF256
ENSG00000184937,WT1
ENSG00000166337,TAF10
ENSG00000169926,KLF13
ENSG00000147789,ZNF7
ENSG00000164299,SPZ1
ENSG00000186812,ZNF397
ENSG00000166704,ZNF606
ENSG00000159592,GPBP1L1
ENSG00000186814,ZSCAN30
ENSG00000276194,HNF1B
ENSG00000168875,SOX14
ENSG00000120798,NR2C1
ENSG00000168310,IRF2
ENSG00000114315,HES1
ENSG00000113722,CDX1
ENSG00000164600,NEUROD6
ENSG00000166211,SPIC
ENSG00000167380,ZNF226
ENSG00000159086,PAXBP1
ENSG00000165821,SALL2
ENSG00000075426,FOSL2
ENSG00000125798,FOXA2
ENSG00000084093,REST
ENSG00000163508,EOMES
ENSG00000260428,SCX
ENSG00000167967,E4F1
ENSG00000128573,FOXP2
ENSG00000111046,MYF6
ENSG00000111049,MYF5
ENSG00000189144,ZNF573
ENSG00000167800,TBX10
ENSG00000162601,MYSM1
ENSG00000196110,ZNF699
ENSG00000177606,JUN
ENSG00000163884,KLF15
ENSG00000181449,SOX2
ENSG00000176165,FOXG1
ENSG00000176302,FOXR1
ENSG00000070476,ZXDC
ENSG00000277104,TADA2A
ENSG00000173145,NOC3L
ENSG00000165804,ZNF219
ENSG00000170365,SMAD1
ENSG00000132170,PPARG
ENSG00000122778,KIAA1549
ENSG00000113196,HAND1
ENSG00000182979,MTA1
ENSG00000050344,NFE2L3
ENSG00000143013,LMO4
ENSG00000138738,PRDM5
ENSG00000146587,RBAK
ENSG00000159917,ZNF235
ENSG00000140968,IRF8
ENSG00000198911,SREBF2
ENSG00000131115,ZNF227
ENSG00000159915,ZNF233
ENSG00000178403,NEUROG2
ENSG00000156150,ALX3
ENSG00000205927,OLIG2
ENSG00000184221,OLIG1
ENSG00000164442,CITED2
ENSG00000151615,POU4F2
ENSG00000161642,ZNF385A
ENSG00000196150,ZNF250
ENSG00000111358,GTF2H3
ENSG00000165891,E2F7
ENSG00000036549,
ENSG00000117595,IRF6
ENSG00000133937,GSC
ENSG00000233911,POU5F1
ENSG00000235712,RXRB
ENSG00000185122,HSF1
ENSG00000125812,GZF1
ENSG00000204060,FOXO6
ENSG00000127124,HIVEP3
ENSG00000163666,HESX1
ENSG00000181472,ZBTB2
ENSG00000127152,BCL11B
ENSG00000154222,CC2D1B
ENSG00000157429,ZNF19
ENSG00000132773,TOE1
ENSG00000062370,ZNF112
ENSG00000167377,ZNF23
ENSG00000228333,RXRB
ENSG00000278318,ZNF229
ENSG00000198815,FOXJ3
ENSG00000243678,NME2
ENSG00000188313,PLSCR1
ENSG00000165588,OTX2
ENSG00000167384,ZNF180
ENSG00000213780,GTF2H4
ENSG00000197587,DMBX1
ENSG00000162613,FUBP1
ENSG00000170631,ZNF16
ENSG00000103241,FOXF1
ENSG00000103199,ZNF500
ENSG00000106546,AHR
ENSG00000283321,
ENSG00000116793,PHTF1
ENSG00000178096,BOLA1
ENSG00000119614,VSX2
ENSG00000159556,ISL2
ENSG00000105967,TFEC
ENSG00000151623,NR3C2
ENSG00000261678,SCRT1
ENSG00000168505,GBX2
ENSG00000143032,BARHL2
ENSG00000062194,GPBP1
ENSG00000152977,ZIC1
ENSG00000170448,NFXL1
ENSG00000122482,ZNF644
ENSG00000172578,KLHL6
ENSG00000101665,SMAD7
ENSG00000168795,ZBTB5
ENSG00000163872,YEATS2
ENSG00000179388,EGR3
ENSG00000100105,PATZ1
ENSG00000089116,LHX5
ENSG00000170374,SP7
ENSG00000126368,NR1D1
ENSG00000176692,FOXC2
ENSG00000126351,THRA
ENSG00000176678,FOXL1
ENSG00000100393,EP300
ENSG00000166823,MESP1
ENSG00000185591,SP1
ENSG00000180938,ZNF572
ENSG00000186951,PPARA
ENSG00000188095,MESP2
ENSG00000065978,YBX1
ENSG00000089902,RCOR1
ENSG00000184967,NOC4L
ENSG00000089225,TBX5
ENSG00000183770,FOXL2
ENSG00000148411,NACC2
ENSG00000135111,TBX3
ENSG00000163064,EN1
ENSG00000197385,ZNF860
ENSG00000107187,LHX3
ENSG00000180318,ALX1
ENSG00000155508,CNOT8
ENSG00000163909,HEYL
ENSG00000143437,ARNT
ENSG00000129152,MYOD1
ENSG00000164778,EN2
ENSG00000111145,ELK3
ENSG00000198176,TFDP1
ENSG00000188779,SKOR1
ENSG00000177045,SIX5
ENSG00000105991,HOXA1
ENSG00000123268,ATF1
ENSG00000189195,BTBD8
ENSG00000105996,HOXA2
ENSG00000106006,HOXA6
ENSG00000105997,HOXA3
ENSG00000197576,HOXA4
ENSG00000106004,HOXA5
ENSG00000111249,CUX2
ENSG00000122592,HOXA7
ENSG00000071794,HLTF
ENSG00000162367,TAL1
ENSG00000179348,GATA2
ENSG00000143458,GABPB2
ENSG00000074966,TXK
ENSG00000091831,ESR1
ENSG00000010818,HIVEP2
ENSG00000123307,NEUROD4
ENSG00000186790,FOXE3
ENSG00000186564,FOXD2
ENSG00000278644,PCGF2
ENSG00000106459,NRF1
ENSG00000206538,VGLL3
ENSG00000185345,PRKN
ENSG00000121864,ZNF639
ENSG00000165684,SNAPC4
ENSG00000136535,TBR1
ENSG00000095794,CREM
ENSG00000064835,POU1F1
ENSG00000212993,POU5F1B
ENSG00000143390,RFX5
ENSG00000178573,MAF
ENSG00000196458,ZNF605
ENSG00000169594,BNC1
ENSG00000176009,ASCL3
ENSG00000116731,PRDM2
ENSG00000114251,WNT5A
ENSG00000225351,ZNF311
ENSG00000123411,IKZF4
ENSG00000163320,CGGBP1
ENSG00000177311,ZBTB38
ENSG00000198393,ZNF26
ENSG00000177551,NHLH2
ENSG00000167074,TEF
ENSG00000143006,DMRTB1
ENSG00000164104,HMGB2
ENSG00000116990,MYCL
ENSG00000174332,GLIS1
ENSG00000196387,ZNF140
ENSG00000206454,POU5F1
ENSG00000125945,ZNF436
ENSG00000120656,TAF12
ENSG00000090612,ZNF268
ENSG00000183570,PCBP3
ENSG00000164107,HAND2
ENSG00000141968,VAV1
ENSG00000170515,PA2G4
ENSG00000197905,TEAD4
ENSG00000162419,GMEB1
ENSG00000130675,MNX1
ENSG00000092607,TBX15
ENSG00000142700,DMRTA2
ENSG00000100207,TCF20
ENSG00000143365,RORC
ENSG00000224952,PBX2
ENSG00000169714,CNBP
ENSG00000123358,NR4A1
ENSG00000172238,ATOH1
ENSG00000127337,YEATS4
ENSG00000196428,TSC22D2
ENSG00000114126,TFDP2
ENSG00000100410,PHF5A
ENSG00000143614,GATAD2B
ENSG00000185252,ZNF74
ENSG00000187821,HELT
ENSG00000143578,CREB3L4
ENSG00000128610,FEZF1
ENSG00000215612,HMX1
ENSG00000007968,E2F2
ENSG00000117318,ID3
ENSG00000169856,ONECUT1
ENSG00000157216,SSBP3
ENSG00000162599,NFIA
ENSG00000007237,GAS7
ENSG00000140265,ZSCAN29
ENSG00000198963,RORB
ENSG00000186766,FOXI2
ENSG00000163848,ZNF148
ENSG00000162676,GFI1
ENSG00000172273,HINFP
ENSG00000267281,
ENSG00000170653,ATF7
ENSG00000118900,UBN1
ENSG00000119608,PROX2
ENSG00000176371,ZSCAN2
ENSG00000117505,DR1
ENSG00000139352,ASCL1
ENSG00000168779,SHOX2
ENSG00000160685,ZBTB7B
ENSG00000136997,MYC
ENSG00000175832,ETV4
ENSG00000187098,MITF
ENSG00000100426,ZBED4
ENSG00000120837,NFYB
ENSG00000178163,ZNF518B
ENSG00000166268,MYRFL
ENSG00000116539,ASH1L
ENSG00000179059,ZFP42
ENSG00000116580,GON4L
ENSG00000260596,DUX4
ENSG00000187140,FOXD3
ENSG00000111783,RFX4
ENSG00000285447,
ENSG00000275746,KLF13
ENSG00000280706,REXO4
ENSG00000283034,ZNF445
ENSG00000281894,ZKSCAN7
ENSG00000280661,ZNF660
ENSG00000281709,ZNF197
ENSG00000281306,ZNF35
ENSG00000281661,ZNF501
ENSG00000281518,FOXO6
ENSG00000280774,LEUTX
ENSG00000281526,ZNF546
ENSG00000281601,ZNF780B
ENSG00000280568,ZNF780A
ENSG00000281277,FOXR1
ENSG00000281178,MLXIP
ENSG00000283949,DUX4
ENSG00000283847,HBP1
ENSG00000283868,ZBTB4
ENSG00000285109,GATA4
ENSG00000284774,HSF1
ENSG00000285493,NRL
ENSG00000285048,IRF9
ENSG00000285485,NFATC4
ENSG00000283009,ZNF436
ENSG00000282899,E2F2
ENSG00000283060,ID3
ENSG00000280467,TCF20
ENSG00000281897,TCF20
ENSG00000283026,TCF20
ENSG00000282892,TCF20
ENSG00000283681,TCF20
